{"train/global_step":1770,"_step":183,"train/learning_rate":0,"train/epoch":5,"eval/samples_per_second":55.756,"train/loss":2.3309,"train/grad_norm":0.6945368051528931,"_runtime":426.167372,"_wandb":{"runtime":427},"train_steps_per_second":4.209,"_timestamp":1.748426384618996e+09,"train_runtime":420.5387,"eval/runtime":2.8338,"train_samples_per_second":16.836,"eval/loss":2.0039398670196533,"total_flos":3.3089702068224e+14,"train_loss":4.013424649211647,"eval/steps_per_second":7.058}